{
    "camera_rotation": [
        [
            [
                1.0,
                0.0,
                0.0
            ],
            [
                0.0,
                1.0,
                0.0
            ],
            [
                0.0,
                0.0,
                1.0
            ]
        ]
    ],
    "camera_translation": [
        [
            -0.0006315432256087661,
            0.3044698238372803,
            7.687960624694824
        ]
    ],
    "betas": [
        [
            0.8561224937438965,
            -0.7061041593551636,
            1.0900837182998657,
            0.28588932752609253,
            -0.30719679594039917,
            0.7278209924697876,
            -0.8119003772735596,
            0.2812110483646393,
            1.011292576789856,
            -0.7960423827171326
        ]
    ],
    "global_orient": [
        [
            3.0856595039367676,
            0.00798115599900484,
            0.055279895663261414
        ]
    ],
    "left_hand_pose": [
        [
            -0.3246414363384247,
            -0.6104815602302551,
            -0.48740431666374207,
            -0.517903745174408,
            1.5220303535461426,
            -0.5840825438499451,
            -2.9365320205688477,
            -0.048931803554296494,
            -1.164847731590271,
            0.0041596656665205956,
            0.7566958069801331,
            0.7952893972396851
        ]
    ],
    "right_hand_pose": [
        [
            -0.2644670307636261,
            -0.2575981318950653,
            0.38877958059310913,
            0.3766007125377655,
            1.085229516029358,
            0.7231878042221069,
            -0.19866596162319183,
            -0.17533496022224426,
            -0.20561718940734863,
            -0.464226633310318,
            0.9105855822563171,
            -0.7283045053482056
        ]
    ],
    "jaw_pose": [
        [
            0.09120973944664001,
            0.0027471056673675776,
            0.001186636625789106
        ]
    ],
    "leye_pose": [
        [
            -0.01597694493830204,
            0.27588722109794617,
            0.05918676778674126
        ]
    ],
    "reye_pose": [
        [
            0.33046072721481323,
            1.7792689800262451,
            -0.2838703393936157
        ]
    ],
    "expression": [
        [
            -0.42694827914237976,
            -0.809167742729187,
            -0.007244349457323551,
            -0.33029884099960327,
            -0.2516365051269531,
            -0.05956452339887619,
            0.13548456132411957,
            0.04495041072368622,
            0.09867062419652939,
            0.16450881958007812
        ]
    ],
    "body_pose": [
        [
            -0.3112551271915436,
            -0.009076518006622791,
            1.071632742881775,
            0.13454319536685944,
            -0.37602898478507996,
            -0.24192149937152863,
            1.7862268686294556,
            -0.9674766659736633,
            -0.2373429238796234,
            0.39039382338523865,
            2.1816937923431396,
            0.11627137660980225,
            2.4028775691986084,
            -0.29747843742370605,
            0.9323343634605408,
            0.6572784185409546,
            0.040479257702827454,
            -2.136216163635254,
            0.6579473614692688,
            -2.2644400596618652,
            1.496380090713501,
            -0.6430643796920776,
            -1.3001009225845337,
            0.010850926861166954,
            0.5172373056411743,
            -0.06755518168210983,
            -1.1706852912902832,
            -0.1530294418334961,
            0.008748330175876617,
            -0.008442893624305725,
            -1.0022825002670288,
            -0.9151142835617065
        ]
    ]
}