{
    "camera_rotation": [
        [
            [
                1.0,
                0.0,
                0.0
            ],
            [
                0.0,
                1.0,
                0.0
            ],
            [
                0.0,
                0.0,
                1.0
            ]
        ]
    ],
    "camera_translation": [
        [
            -0.31205475330352783,
            0.30502742528915405,
            16.00360679626465
        ]
    ],
    "betas": [
        [
            0.20232853293418884,
            0.22194398939609528,
            -0.9545575380325317,
            -0.09153148531913757,
            -0.20623484253883362,
            0.1548769474029541,
            -0.5005728006362915,
            0.0808250680565834,
            -0.2132728546857834,
            -0.1452544778585434
        ]
    ],
    "global_orient": [
        [
            0.4384249150753021,
            0.44569075107574463,
            -2.7900078296661377
        ]
    ],
    "left_hand_pose": [
        [
            -0.035136688500642776,
            -0.04617096111178398,
            -0.1031879410147667,
            0.04678048938512802,
            0.09978935122489929,
            0.08520803600549698,
            0.06867916882038116,
            -0.08163930475711823,
            -0.026608888059854507,
            -0.056673385202884674,
            0.18033237755298615,
            -0.03914478421211243
        ]
    ],
    "right_hand_pose": [
        [
            -0.003915819805115461,
            -0.0007564038969576359,
            0.0019969658460468054,
            -0.0004078994388692081,
            0.0008747756364755332,
            -0.0002605524205137044,
            0.00010334506077924743,
            -0.0002540428249631077,
            -0.00027185099315829575,
            0.00015216210158541799,
            0.0008391941664740443,
            0.00026300144963897765
        ]
    ],
    "jaw_pose": [
        [
            -9.507469076197594e-05,
            6.8217964326322544e-06,
            -1.0558837857388426e-05
        ]
    ],
    "leye_pose": [
        [
            0.03846057504415512,
            0.3297700881958008,
            -0.011670062318444252
        ]
    ],
    "reye_pose": [
        [
            0.0,
            0.0,
            0.0
        ]
    ],
    "expression": [
        [
            0.003523295745253563,
            -0.003167732385918498,
            -0.0008445768617093563,
            0.0009498534491285682,
            -0.0017098126700147986,
            0.002130437409505248,
            0.00011603750317590311,
            0.0017657146090641618,
            0.0021195432636886835,
            -0.0003053442051168531
        ]
    ],
    "body_pose": [
        [
            -0.6086163520812988,
            -0.29236695170402527,
            0.9233934879302979,
            0.7268158197402954,
            -0.4998731315135956,
            0.3853103816509247,
            2.097585439682007,
            -0.8657136559486389,
            0.841162383556366,
            -0.23018984496593475,
            -0.16551350057125092,
            0.6155971884727478,
            1.5680303573608398,
            0.40135735273361206,
            1.1794480085372925,
            -0.8485285043716431,
            0.531635046005249,
            -2.171271324157715,
            -0.4579492211341858,
            -0.036373354494571686,
            -0.3252145051956177,
            -0.09603597223758698,
            -2.024648666381836,
            2.5644702911376953,
            -0.10562587529420853,
            -0.15549258887767792,
            -0.9342609643936157,
            0.39547690749168396,
            -0.4817531704902649,
            0.2523308992385864,
            -0.17984922230243683,
            0.40327176451683044
        ]
    ]
}