{
    "camera_rotation": [
        [
            [
                1.0,
                0.0,
                0.0
            ],
            [
                0.0,
                1.0,
                0.0
            ],
            [
                0.0,
                0.0,
                1.0
            ]
        ]
    ],
    "camera_translation": [
        [
            0.4996223747730255,
            0.05561003461480141,
            3.4895124435424805
        ]
    ],
    "betas": [
        [
            2.104358673095703,
            -1.028159499168396,
            0.7813828587532043,
            -0.17104893922805786,
            0.2630249261856079,
            -0.1325443685054779,
            -0.1285795122385025,
            0.29570111632347107,
            -0.4763728976249695,
            -0.8062562942504883
        ]
    ],
    "global_orient": [
        [
            2.203463077545166,
            -2.1803295612335205,
            -0.17463982105255127
        ]
    ],
    "left_hand_pose": [
        [
            -1.142605185508728,
            -1.4700855016708374,
            0.5268388390541077,
            -0.23909500241279602,
            1.0783629417419434,
            0.17495164275169373,
            0.8170672059059143,
            -0.604080855846405,
            0.27400076389312744,
            -0.7186912894248962,
            1.5482698678970337,
            -0.35961881279945374
        ]
    ],
    "right_hand_pose": [
        [
            -0.8188431262969971,
            -0.7567979097366333,
            0.6499531269073486,
            -0.03293837979435921,
            0.9020506143569946,
            0.3403359353542328,
            -0.006095057353377342,
            -0.5927397012710571,
            -0.14486946165561676,
            -0.4557545483112335,
            1.3327244520187378,
            -0.20384849607944489
        ]
    ],
    "jaw_pose": [
        [
            0.028064996004104614,
            -0.00028967217076569796,
            -8.851483289618045e-05
        ]
    ],
    "leye_pose": [
        [
            1.6543433666229248,
            -0.8159815073013306,
            -1.0573279857635498
        ]
    ],
    "reye_pose": [
        [
            1.1911848783493042,
            -1.2236744165420532,
            -0.39723601937294006
        ]
    ],
    "expression": [
        [
            -0.2883870303630829,
            -0.20040909945964813,
            -0.19589540362358093,
            -0.3562050461769104,
            -0.3107495903968811,
            0.02533579245209694,
            0.1823527216911316,
            0.15070778131484985,
            -0.010974450036883354,
            0.0929337814450264
        ]
    ],
    "body_pose": [
        [
            -0.8308073282241821,
            0.45570990443229675,
            -0.15911035239696503,
            0.2640492022037506,
            -0.07965178042650223,
            -0.2667633891105652,
            0.8458995223045349,
            -0.625015139579773,
            -0.5440627932548523,
            -0.5260482430458069,
            -0.28001248836517334,
            -0.17081359028816223,
            1.941497802734375,
            0.6355236768722534,
            -0.6778289079666138,
            0.7581720948219299,
            -0.12716706097126007,
            -1.4988819360733032,
            0.49091780185699463,
            -0.2697886526584625,
            -0.5730888247489929,
            -0.12831631302833557,
            -0.8592104911804199,
            -0.2440616935491562,
            -0.4854884445667267,
            -0.2685740292072296,
            0.5709263682365417,
            -0.12426239252090454,
            0.0951504334807396,
            1.1155389547348022,
            0.5216675400733948,
            0.23590871691703796
        ]
    ]
}